{
  "condition": "beta_vae",
  "seed": 84,
  "n_params": 1057089,
  "train_time_seconds": 79.01965069770813,
  "train_epochs": 10,
  "beta": 0.001,
  "final_loss": 0.02216329053044319,
  "min_loss": 0.018621191382408142,
  "prediction_mse_mean": 0.04052484408020973,
  "prediction_mse_std": 0.011962657794356346,
  "prediction_mse_per_step": [
    0.039934612810611725,
    0.04125845059752464,
    0.042016588151454926,
    0.04120597243309021,
    0.040642283856868744,
    0.04028701037168503,
    0.03988202288746834,
    0.03979327902197838,
    0.040053896605968475,
    0.040174275636672974
  ],
  "rollout_mse_mean": 0.03292052447795868,
  "rollout_mse_std": 0.01089260820299387,
  "rollout_error_accumulation": [
    0.02900860644876957,
    0.03135412558913231,
    0.0333460308611393,
    0.035100165754556656,
    0.03579370677471161
  ],
  "rollout_final_error": 0.03579370304942131,
  "active_dimensions_fraction": 1.0,
  "collapse_rate": 0.0,
  "dim_variance": [
    1.4202706813812256,
    0.4510982036590576,
    0.7156624794006348,
    0.5737987756729126,
    0.5538378953933716,
    0.3417266309261322,
    0.4676026403903961,
    0.5941639542579651,
    0.9973444938659668,
    0.5524380207061768,
    0.4310477674007416,
    0.5190963745117188,
    0.44886845350265503,
    0.6040605902671814,
    1.3775900602340698,
    0.44525855779647827,
    0.8834391832351685,
    1.2603533267974854,
    0.5701372623443604,
    0.8101480603218079,
    0.6167799234390259,
    0.6442638635635376,
    0.6284266710281372,
    0.49850019812583923,
    0.6785706281661987,
    0.49733299016952515,
    0.4674651622772217,
    0.5798851251602173,
    1.4854815006256104,
    0.4743496775627136,
    1.5941362380981445,
    0.560329794883728
  ],
  "effective_dimensionality": 0.9149537086486816,
  "mean_variance": 0.7107332944869995,
  "min_variance": 0.3417266309261322,
  "n_components_95": 30,
  "participation_ratio": 25.942413330078125,
  "explained_variance_ratio": [
    0.07462771981954575,
    0.06640451401472092,
    0.061308447271585464,
    0.058393970131874084,
    0.05416896939277649,
    0.04644910618662834,
    0.03765280172228813,
    0.034264691174030304,
    0.031029487028717995,
    0.030625982210040092,
    0.028851302340626717,
    0.027549952268600464,
    0.027127210050821304,
    0.026287196204066277,
    0.025888875126838684,
    0.02507474087178707,
    0.0248107872903347,
    0.024682804942131042,
    0.024210432544350624,
    0.023584948852658272
  ],
  "cumulative_variance": [
    0.07462771981954575,
    0.14103223383426666,
    0.20234067738056183,
    0.2607346475124359,
    0.3149036169052124,
    0.36135271191596985,
    0.3990055024623871,
    0.4332701861858368,
    0.46429967880249023,
    0.4949256479740143,
    0.5237769484519958,
    0.5513268709182739,
    0.5784540772438049,
    0.6047412753105164,
    0.6306301355361938,
    0.6557048559188843,
    0.6805156469345093,
    0.7051984667778015,
    0.7294089198112488,
    0.7529938817024231
  ],
  "drift_mean": 0.8009366989135742,
  "drift_std": 0.18573616445064545,
  "drift_median": 0.7930556535720825,
  "silhouette_score": -0.029154306277632713,
  "silhouette_n_clusters": 10,
  "stability_cv": 0.04964153571575097,
  "loss_spikes": 46,
  "still_decreasing": true,
  "forward_time_mean": 0.04192754939940642,
  "forward_time_std": 0.032114391641118414,
  "backward_time_mean": 0.040212564200191994,
  "backward_time_std": 0.0012760049402895783,
  "total_time_per_step": 0.08214011359959841,
  "cuda_available": false,
  "cuda_memory_mb": 0
}