{
  "condition": "beta_vae",
  "seed": 42,
  "n_params": 1057089,
  "train_time_seconds": 77.7638475894928,
  "train_epochs": 10,
  "beta": 0.001,
  "final_loss": 0.020635943859815598,
  "min_loss": 0.01875537820160389,
  "prediction_mse_mean": 0.039959102869033813,
  "prediction_mse_std": 0.01139745768159628,
  "prediction_mse_per_step": [
    0.039176445454359055,
    0.04063744470477104,
    0.04070086032152176,
    0.040085963904857635,
    0.03943783789873123,
    0.039689891040325165,
    0.0396011546254158,
    0.03986597806215286,
    0.04001497104763985,
    0.04038050398230553
  ],
  "rollout_mse_mean": 0.03384292125701904,
  "rollout_mse_std": 0.011889902874827385,
  "rollout_error_accumulation": [
    0.02823055163025856,
    0.032126862555742264,
    0.03469286486506462,
    0.03708105534315109,
    0.03708329424262047
  ],
  "rollout_final_error": 0.03708329051733017,
  "active_dimensions_fraction": 1.0,
  "collapse_rate": 0.0,
  "dim_variance": [
    0.43210268020629883,
    1.3417662382125854,
    0.5206945538520813,
    0.4193771779537201,
    0.7752770185470581,
    0.7071608901023865,
    0.4012641906738281,
    0.5352981090545654,
    0.8030111193656921,
    0.643017053604126,
    1.6634601354599,
    0.5877707600593567,
    0.5024927854537964,
    0.5957895517349243,
    1.6720699071884155,
    0.6139956712722778,
    0.5323215126991272,
    0.7845585942268372,
    0.5768106579780579,
    0.680197536945343,
    0.626053512096405,
    0.49248069524765015,
    0.8444930911064148,
    0.43426084518432617,
    0.4772559106349945,
    1.2685632705688477,
    0.4364509582519531,
    1.3010165691375732,
    0.7111125588417053,
    0.5459213852882385,
    0.5668695569038391,
    0.5555232167243958
  ],
  "effective_dimensionality": 0.9183247685432434,
  "mean_variance": 0.7202637195587158,
  "min_variance": 0.4012641906738281,
  "n_components_95": 30,
  "participation_ratio": 25.847789764404297,
  "explained_variance_ratio": [
    0.07375980913639069,
    0.0645279809832573,
    0.06325758993625641,
    0.060493696480989456,
    0.056318290531635284,
    0.0417787991464138,
    0.03680725023150444,
    0.03444802761077881,
    0.032225556671619415,
    0.031626276671886444,
    0.03091835044324398,
    0.030119314789772034,
    0.028485219925642014,
    0.02702462673187256,
    0.02685154788196087,
    0.026252249255776405,
    0.025026539340615273,
    0.024806292727589607,
    0.02431384101510048,
    0.023314490914344788
  ],
  "cumulative_variance": [
    0.07375980913639069,
    0.13828778266906738,
    0.2015453726053238,
    0.26203906536102295,
    0.31835734844207764,
    0.36013615131378174,
    0.3969433903694153,
    0.4313914179801941,
    0.4636169672012329,
    0.49524325132369995,
    0.5261616110801697,
    0.5562809109687805,
    0.584766149520874,
    0.6117907762527466,
    0.6386423110961914,
    0.6648945808410645,
    0.6899211406707764,
    0.7147274613380432,
    0.7390413284301758,
    0.7623558044433594
  ],
  "drift_mean": 0.8046778440475464,
  "drift_std": 0.18886913359165192,
  "drift_median": 0.797768235206604,
  "silhouette_score": -0.03151915967464447,
  "silhouette_n_clusters": 10,
  "stability_cv": 0.05318439715660751,
  "loss_spikes": 51,
  "still_decreasing": true,
  "forward_time_mean": 0.04244708459955291,
  "forward_time_std": 0.03005636444045606,
  "backward_time_mean": 0.04688942280045012,
  "backward_time_std": 0.008897554879033915,
  "total_time_per_step": 0.08933650740000304,
  "cuda_available": false,
  "cuda_memory_mb": 0
}