{
  "condition": "beta_vae",
  "seed": 0,
  "n_params": 1057089,
  "train_time_seconds": 76.50602531433105,
  "train_epochs": 10,
  "beta": 0.001,
  "final_loss": 0.024371687322854996,
  "min_loss": 0.019881492480635643,
  "prediction_mse_mean": 0.038366448134183884,
  "prediction_mse_std": 0.011018294841051102,
  "prediction_mse_per_step": [
    0.037844154983758926,
    0.038653817027807236,
    0.039237868040800095,
    0.03893550857901573,
    0.038601528853178024,
    0.03790341690182686,
    0.037673961371183395,
    0.03779762610793114,
    0.038361046463251114,
    0.038655541837215424
  ],
  "rollout_mse_mean": 0.03223280981183052,
  "rollout_mse_std": 0.010152344591915607,
  "rollout_error_accumulation": [
    0.02793615683913231,
    0.031237591058015823,
    0.03304489701986313,
    0.03431954234838486,
    0.03462585434317589
  ],
  "rollout_final_error": 0.034625858068466187,
  "active_dimensions_fraction": 1.0,
  "collapse_rate": 0.0,
  "dim_variance": [
    0.8083189129829407,
    0.5342375040054321,
    1.3320118188858032,
    0.5357281565666199,
    1.2240731716156006,
    0.4138738214969635,
    0.4342314302921295,
    0.5779675245285034,
    0.7448118329048157,
    0.4329492151737213,
    0.7683040499687195,
    0.5381940603256226,
    0.5531836748123169,
    0.6994465589523315,
    0.5903967618942261,
    0.901260495185852,
    0.5271197557449341,
    0.5152655243873596,
    1.119105577468872,
    0.9852011799812317,
    0.551635205745697,
    0.4338749349117279,
    0.5936407446861267,
    0.8017395734786987,
    0.4798521101474762,
    0.4257775843143463,
    0.49894967675209045,
    0.7677236795425415,
    1.013321876525879,
    0.43303340673446655,
    0.42790213227272034,
    0.6134222745895386
  ],
  "effective_dimensionality": 0.9434793591499329,
  "mean_variance": 0.664892315864563,
  "min_variance": 0.4138738214969635,
  "n_components_95": 30,
  "participation_ratio": 26.650375366210938,
  "explained_variance_ratio": [
    0.07292629778385162,
    0.06312087178230286,
    0.06078644469380379,
    0.055867910385131836,
    0.044439662247896194,
    0.041470807045698166,
    0.04071508347988129,
    0.03500001132488251,
    0.033731892704963684,
    0.03246062621474266,
    0.03159048780798912,
    0.030844250693917274,
    0.029436688870191574,
    0.0285166185349226,
    0.028039585798978806,
    0.026616957038640976,
    0.026425877586007118,
    0.025495443493127823,
    0.024786731228232384,
    0.023064611479640007
  ],
  "cumulative_variance": [
    0.07292629778385162,
    0.13604716956615448,
    0.19683361053466797,
    0.2527015209197998,
    0.2971411943435669,
    0.33861199021339417,
    0.37932705879211426,
    0.41432708501815796,
    0.44805896282196045,
    0.4805195927619934,
    0.5121100544929504,
    0.5429543256759644,
    0.5723910331726074,
    0.6009076237678528,
    0.6289471983909607,
    0.6555641293525696,
    0.6819900274276733,
    0.7074854969978333,
    0.732272207736969,
    0.7553368210792542
  ],
  "drift_mean": 0.8072567582130432,
  "drift_std": 0.18474170565605164,
  "drift_median": 0.8008677959442139,
  "silhouette_score": -0.027575138956308365,
  "silhouette_n_clusters": 10,
  "stability_cv": 0.0533558475929603,
  "loss_spikes": 43,
  "still_decreasing": true,
  "forward_time_mean": 0.04317796859977534,
  "forward_time_std": 0.031718131450896775,
  "backward_time_mean": 0.04215538239950547,
  "backward_time_std": 0.002200591111361663,
  "total_time_per_step": 0.0853333509992808,
  "cuda_available": false,
  "cuda_memory_mb": 0
}