{
  "condition": "olp",
  "seed": 0,
  "n_params": 1044801,
  "train_time_seconds": 80.08796072006226,
  "train_epochs": 10,
  "beta": 0.0,
  "final_loss": 0.013261568732559681,
  "min_loss": 0.010138924233615398,
  "prediction_mse_mean": 0.08467766642570496,
  "prediction_mse_std": 0.02016422525048256,
  "prediction_mse_per_step": [
    0.08263880014419556,
    0.08389173448085785,
    0.08284974843263626,
    0.08471987396478653,
    0.08551372587680817,
    0.08421317487955093,
    0.08520467579364777,
    0.08625082671642303,
    0.08621643483638763,
    0.08527771383523941
  ],
  "rollout_mse_mean": 0.08267573267221451,
  "rollout_mse_std": 0.019958769902586937,
  "rollout_error_accumulation": [
    0.07591661065816879,
    0.08306528627872467,
    0.08615298569202423,
    0.08504527062177658,
    0.08319855481386185
  ],
  "rollout_final_error": 0.08319855481386185,
  "active_dimensions_fraction": 1.0,
  "collapse_rate": 0.0,
  "dim_variance": [
    0.13728508353233337,
    0.12267304956912994,
    0.11524033546447754,
    0.13017897307872772,
    0.1337815225124359,
    0.1126408576965332,
    0.1304546743631363,
    0.11190839111804962,
    0.12137515842914581,
    0.13651415705680847,
    0.12817105650901794,
    0.12419184297323227,
    0.12848727405071259,
    0.13657376170158386,
    0.12139477580785751,
    0.11335647106170654,
    0.12274298816919327,
    0.12499431520700455,
    0.14023831486701965,
    0.12252093851566315,
    0.11398057639598846,
    0.10911618173122406,
    0.1247076764702797,
    0.12427419424057007,
    0.12093482166528702,
    0.12117467820644379,
    0.12193997204303741,
    0.129648357629776,
    0.11653591692447662,
    0.13058605790138245,
    0.11299121379852295,
    0.13973857462406158
  ],
  "effective_dimensionality": 0.9976900815963745,
  "mean_variance": 0.12438599765300751,
  "min_variance": 0.10911618173122406,
  "n_components_95": 31,
  "participation_ratio": 31.6795654296875,
  "explained_variance_ratio": [
    0.036740776151418686,
    0.03651612997055054,
    0.03597284108400345,
    0.035612303763628006,
    0.03516264632344246,
    0.03500622138381004,
    0.0342891551554203,
    0.03419831022620201,
    0.03358862176537514,
    0.03310977295041084,
    0.03260602056980133,
    0.032467812299728394,
    0.03205607458949089,
    0.031997546553611755,
    0.031717825680971146,
    0.031313374638557434,
    0.03108457289636135,
    0.030911337584257126,
    0.03042844496667385,
    0.03025873377919197
  ],
  "cumulative_variance": [
    0.036740776151418686,
    0.07325690984725952,
    0.10922975093126297,
    0.14484205842018127,
    0.18000470101833344,
    0.21501092612743378,
    0.24930007755756378,
    0.2834983766078949,
    0.31708699464797974,
    0.3501967787742615,
    0.3828027844429016,
    0.41527059674263,
    0.44732666015625,
    0.47932422161102295,
    0.511042058467865,
    0.5423554182052612,
    0.5734400153160095,
    0.6043513417243958,
    0.6347798109054565,
    0.665038526058197
  ],
  "drift_mean": 0.9920565485954285,
  "drift_std": 0.1748213917016983,
  "drift_median": 0.9864979982376099,
  "silhouette_score": -0.02399512752890587,
  "silhouette_n_clusters": 10,
  "stability_cv": 0.06892512150261453,
  "loss_spikes": 47,
  "still_decreasing": true,
  "forward_time_mean": 0.04514927939962945,
  "forward_time_std": 0.03120256380176073,
  "backward_time_mean": 0.046816089600906705,
  "backward_time_std": 0.0011592144331097117,
  "total_time_per_step": 0.09196536900053615,
  "cuda_available": false,
  "cuda_memory_mb": 0
}