{
  "condition": "olp",
  "seed": 42,
  "n_params": 1044801,
  "train_time_seconds": 80.17760753631592,
  "train_epochs": 10,
  "beta": 0.0,
  "final_loss": 0.011386082507669926,
  "min_loss": 0.01120314747095108,
  "prediction_mse_mean": 0.07721833884716034,
  "prediction_mse_std": 0.020240161567926407,
  "prediction_mse_per_step": [
    0.07453714311122894,
    0.07645407319068909,
    0.07768170535564423,
    0.07681624591350555,
    0.07761149108409882,
    0.07703039795160294,
    0.07860072702169418,
    0.07782916724681854,
    0.0774577185511589,
    0.07816474139690399
  ],
  "rollout_mse_mean": 0.07723843306303024,
  "rollout_mse_std": 0.021233849227428436,
  "rollout_error_accumulation": [
    0.0730368047952652,
    0.07668673247098923,
    0.07907982170581818,
    0.07932093739509583,
    0.07806789129972458
  ],
  "rollout_final_error": 0.07806789875030518,
  "active_dimensions_fraction": 1.0,
  "collapse_rate": 0.0,
  "dim_variance": [
    0.13798439502716064,
    0.12644702196121216,
    0.14234015345573425,
    0.12193064391613007,
    0.1264912337064743,
    0.12144605815410614,
    0.12430600821971893,
    0.11262662708759308,
    0.12045969814062119,
    0.1265859305858612,
    0.10766806453466415,
    0.13664446771144867,
    0.11418094485998154,
    0.14080508053302765,
    0.11860058456659317,
    0.13216440379619598,
    0.11522670090198517,
    0.12082310020923615,
    0.13202376663684845,
    0.11716898530721664,
    0.12516821920871735,
    0.12757417559623718,
    0.12455230951309204,
    0.11552926152944565,
    0.124925397336483,
    0.12128980457782745,
    0.12423495203256607,
    0.11945464462041855,
    0.129460409283638,
    0.11039583384990692,
    0.12005636841058731,
    0.1393340677022934
  ],
  "effective_dimensionality": 0.9976192712783813,
  "mean_variance": 0.12430935353040695,
  "min_variance": 0.10766806453466415,
  "n_components_95": 31,
  "participation_ratio": 31.72075653076172,
  "explained_variance_ratio": [
    0.03748982772231102,
    0.03631560504436493,
    0.03536462038755417,
    0.03514128178358078,
    0.034677814692258835,
    0.03414538875222206,
    0.033915527164936066,
    0.03353968262672424,
    0.033511772751808167,
    0.03310675546526909,
    0.0329027995467186,
    0.03263263404369354,
    0.03228641673922539,
    0.03184017911553383,
    0.03116472251713276,
    0.03109690546989441,
    0.031047575175762177,
    0.03056943230330944,
    0.03037722408771515,
    0.030267605558037758
  ],
  "cumulative_variance": [
    0.03748982772231102,
    0.07380543649196625,
    0.10917005687952042,
    0.1443113386631012,
    0.17898915708065033,
    0.2131345421075821,
    0.24705007672309875,
    0.280589759349823,
    0.31410151720046997,
    0.34720826148986816,
    0.38011106848716736,
    0.4127436876296997,
    0.4450300931930542,
    0.47687026858329773,
    0.5080350041389465,
    0.5391318798065186,
    0.5701794624328613,
    0.6007488965988159,
    0.6311261057853699,
    0.6613937020301819
  ],
  "drift_mean": 0.9977930784225464,
  "drift_std": 0.17601527273654938,
  "drift_median": 1.0012779235839844,
  "silhouette_score": -0.02383919432759285,
  "silhouette_n_clusters": 10,
  "stability_cv": 0.06680143296967073,
  "loss_spikes": 69,
  "still_decreasing": true,
  "forward_time_mean": 0.04379259700071998,
  "forward_time_std": 0.030883078826122297,
  "backward_time_mean": 0.045725691600091524,
  "backward_time_std": 0.001581286198873377,
  "total_time_per_step": 0.08951828860081151,
  "cuda_available": false,
  "cuda_memory_mb": 0
}