{
  "condition": "olp_kl",
  "seed": 84,
  "n_params": 1044801,
  "train_time_seconds": 51.3107545375824,
  "train_epochs": 8,
  "beta": 0.001,
  "final_loss": 0.023216290399432182,
  "min_loss": 0.01992066390812397,
  "prediction_mse_mean": 0.03657311201095581,
  "prediction_mse_std": 0.009787932969629765,
  "rollout_mse_mean": 0.07314622402191162,
  "rollout_final_error": 0.10971933603286743,
  "active_dimensions_fraction": 1.0,
  "collapse_rate": 0.0,
  "effective_dimensionality": 0.9894282817840576,
  "mean_variance": 0.12281042337417603,
  "min_variance": 0.09349329024553299,
  "n_components_95": 0,
  "participation_ratio": 0.0,
  "drift_mean": 0.9019594788551331,
  "drift_std": 0.17066799104213715,
  "silhouette_score": -0.06239492446184158,
  "silhouette_n_clusters": 9,
  "stability_cv": 0.051727384623505915,
  "loss_spikes": 0,
  "still_decreasing": true,
  "forward_time_mean": 0.0,
  "total_time_per_step": 0.0
}