{
  "condition": "olp_kl",
  "seed": 42,
  "n_params": 1044801,
  "train_time_seconds": 52.58486223220825,
  "train_epochs": 8,
  "beta": 0.001,
  "final_loss": 0.02689099684357643,
  "min_loss": 0.019507914781570435,
  "prediction_mse_mean": 0.03609991818666458,
  "prediction_mse_std": 0.00909241009503603,
  "rollout_mse_mean": 0.07219983637332916,
  "rollout_final_error": 0.10829975455999374,
  "active_dimensions_fraction": 1.0,
  "collapse_rate": 0.0,
  "effective_dimensionality": 0.9901710152626038,
  "mean_variance": 0.12137630581855774,
  "min_variance": 0.09113361686468124,
  "n_components_95": 0,
  "participation_ratio": 0.0,
  "drift_mean": 0.9121975302696228,
  "drift_std": 0.15952663123607635,
  "silhouette_score": -0.06202217563986778,
  "silhouette_n_clusters": 10,
  "stability_cv": 0.05372568803197967,
  "loss_spikes": 0,
  "still_decreasing": true,
  "forward_time_mean": 0.0,
  "total_time_per_step": 0.0
}