{
  "condition": "olp_kl",
  "seed": 0,
  "n_params": 1044801,
  "train_time_seconds": 84.076828956604,
  "train_epochs": 10,
  "beta": 0.001,
  "final_loss": 0.024363793432712555,
  "min_loss": 0.020421141758561134,
  "prediction_mse_mean": 0.03846794739365578,
  "prediction_mse_std": 0.010160152800381184,
  "rollout_mse_mean": 0.07693589478731155,
  "rollout_final_error": 0.11540384218096733,
  "active_dimensions_fraction": 1.0,
  "collapse_rate": 0.0,
  "effective_dimensionality": 0.981137216091156,
  "mean_variance": 0.12235963344573975,
  "min_variance": 0.07668817788362503,
  "n_components_95": 23,
  "participation_ratio": 18.49587631225586,
  "drift_mean": 0.878694474697113,
  "drift_std": 0.17171575129032135,
  "silhouette_score": -0.05272933840751648,
  "silhouette_n_clusters": 9,
  "stability_cv": 0.054499149605126404,
  "loss_spikes": 54,
  "still_decreasing": true,
  "forward_time_mean": 0.03429485900051077,
  "total_time_per_step": 0.06858971800102154
}