{
  "condition": "olp",
  "seed": 84,
  "n_params": 1044801,
  "train_time_seconds": 80.19863176345825,
  "train_epochs": 10,
  "beta": 0.0,
  "final_loss": 0.01213528960943222,
  "min_loss": 0.010413059964776039,
  "prediction_mse_mean": 0.10436396300792694,
  "prediction_mse_std": 0.025308391079306602,
  "rollout_mse_mean": 0.20872792601585388,
  "rollout_final_error": 0.3130918890237808,
  "active_dimensions_fraction": 1.0,
  "collapse_rate": 0.0,
  "effective_dimensionality": 0.988659143447876,
  "mean_variance": 0.12064430117607117,
  "min_variance": 0.08670637011528015,
  "n_components_95": 23,
  "participation_ratio": 20.12521743774414,
  "drift_mean": 1.0037858486175537,
  "drift_std": 0.18194758892059326,
  "silhouette_score": -0.051292333751916885,
  "silhouette_n_clusters": 9,
  "stability_cv": 0.0662139088487517,
  "loss_spikes": 37,
  "still_decreasing": true,
  "forward_time_mean": 0.03150645600180724,
  "total_time_per_step": 0.06301291200361447
}