{
  "condition": "vanilla",
  "seed": 84,
  "n_params": 1057089,
  "train_time_seconds": 76.95650672912598,
  "train_epochs": 10,
  "beta": 0.0,
  "final_loss": 0.008754379115998745,
  "min_loss": 0.006796233355998993,
  "prediction_mse_mean": 0.03939109295606613,
  "prediction_mse_std": 0.010929951444268227,
  "prediction_mse_per_step": [
    0.03969340771436691,
    0.03965633362531662,
    0.039403628557920456,
    0.03933556750416756,
    0.03956913575530052,
    0.03896170109510422,
    0.03954613581299782,
    0.0393795520067215,
    0.03917348384857178,
    0.03919200599193573
  ],
  "rollout_mse_mean": 0.04030394181609154,
  "rollout_mse_std": 0.010217566043138504,
  "rollout_error_accumulation": [
    0.04016214236617088,
    0.04066356644034386,
    0.03969411551952362,
    0.04070616513490677,
    0.04029369726777077
  ],
  "rollout_final_error": 0.040293700993061066,
  "active_dimensions_fraction": 1.0,
  "collapse_rate": 0.0,
  "dim_variance": [
    1.1256400346755981,
    0.9884061813354492,
    1.1018805503845215,
    1.029422640800476,
    0.9915972948074341,
    0.9652942419052124,
    0.9709164500236511,
    1.008738398551941,
    0.8681334257125854,
    1.0369261503219604,
    0.9485799670219421,
    1.1662750244140625,
    0.9691027402877808,
    1.0636451244354248,
    1.035582423210144,
    0.8327693939208984,
    1.0094585418701172,
    1.2919933795928955,
    1.0490427017211914,
    1.0174626111984253,
    1.1042786836624146,
    1.0451995134353638,
    1.0506179332733154,
    0.9676498174667358,
    1.0606799125671387,
    0.8885940313339233,
    0.9828912615776062,
    1.037200927734375,
    1.17360520362854,
    1.12559175491333,
    1.1916643381118774,
    0.9245421290397644
  ],
  "effective_dimensionality": 0.9957889914512634,
  "mean_variance": 1.0319807529449463,
  "min_variance": 0.8327693939208984,
  "n_components_95": 30,
  "participation_ratio": 31.56617546081543,
  "explained_variance_ratio": [
    0.03852678835391998,
    0.03812678903341293,
    0.03609778359532356,
    0.035878755152225494,
    0.0356379896402359,
    0.03528374060988426,
    0.034545015543699265,
    0.03408293053507805,
    0.03397549316287041,
    0.03364941105246544,
    0.033215638250112534,
    0.03272907808423042,
    0.032483577728271484,
    0.032183416187763214,
    0.03180348128080368,
    0.03133577108383179,
    0.031091084703803062,
    0.030514825135469437,
    0.030077014118433,
    0.029778845608234406
  ],
  "cumulative_variance": [
    0.03852678835391998,
    0.07665357738733292,
    0.11275136470794678,
    0.14863011240959167,
    0.18426810204982758,
    0.21955184638500214,
    0.2540968656539917,
    0.28817978501319885,
    0.32215526700019836,
    0.3558046817779541,
    0.38902032375335693,
    0.42174941301345825,
    0.45423299074172974,
    0.48641639947891235,
    0.5182198882102966,
    0.5495556592941284,
    0.5806467533111572,
    0.6111615896224976,
    0.6412386298179626,
    0.6710174679756165
  ],
  "drift_mean": 1.0007152557373047,
  "drift_std": 0.1788983941078186,
  "drift_median": 0.999209463596344,
  "silhouette_score": -0.030492126941680908,
  "silhouette_n_clusters": 10,
  "stability_cv": 0.07449953373663531,
  "loss_spikes": 40,
  "still_decreasing": true,
  "forward_time_mean": 0.04362204739882145,
  "forward_time_std": 0.032137557449080555,
  "backward_time_mean": 0.04460602540057153,
  "backward_time_std": 0.001098086932734623,
  "total_time_per_step": 0.08822807279939299,
  "cuda_available": false,
  "cuda_memory_mb": 0
}