{
  "condition": "vanilla",
  "seed": 0,
  "n_params": 1057089,
  "train_time_seconds": 77.56423306465149,
  "train_epochs": 10,
  "beta": 0.0,
  "final_loss": 0.009267323650419712,
  "min_loss": 0.006824026349931955,
  "prediction_mse_mean": 0.03915666788816452,
  "prediction_mse_std": 0.010184100829064846,
  "prediction_mse_per_step": [
    0.03977300971746445,
    0.0391775444149971,
    0.03913268819451332,
    0.039390113204717636,
    0.03917611390352249,
    0.038856200873851776,
    0.03860946372151375,
    0.03902217745780945,
    0.039299871772527695,
    0.03912954404950142
  ],
  "rollout_mse_mean": 0.037871792912483215,
  "rollout_mse_std": 0.009438528679311275,
  "rollout_error_accumulation": [
    0.03758843243122101,
    0.03835177421569824,
    0.038577787578105927,
    0.037570688873529434,
    0.03727032244205475
  ],
  "rollout_final_error": 0.03727032616734505,
  "active_dimensions_fraction": 1.0,
  "collapse_rate": 0.0,
  "dim_variance": [
    1.0501277446746826,
    0.9140555262565613,
    1.075067400932312,
    1.0269858837127686,
    0.9314729571342468,
    0.995899498462677,
    0.8728224039077759,
    0.7613309621810913,
    1.0659431219100952,
    0.782776415348053,
    0.9987961649894714,
    1.0448110103607178,
    1.1137840747833252,
    1.0102934837341309,
    0.8887062072753906,
    0.9438303709030151,
    0.9239603281021118,
    1.1222444772720337,
    1.0249955654144287,
    1.0748575925827026,
    1.0167838335037231,
    0.8643373250961304,
    1.0886272192001343,
    0.9908058047294617,
    1.0796287059783936,
    0.853897750377655,
    0.925844669342041,
    1.07169771194458,
    0.9805736541748047,
    1.0449596643447876,
    0.9142501950263977,
    0.9586318731307983
  ],
  "effective_dimensionality": 0.9954380393028259,
  "mean_variance": 0.9816499948501587,
  "min_variance": 0.7613309621810913,
  "n_components_95": 31,
  "participation_ratio": 31.559829711914062,
  "explained_variance_ratio": [
    0.038584064692258835,
    0.037114571779966354,
    0.036269694566726685,
    0.036202188581228256,
    0.03573458641767502,
    0.03506971895694733,
    0.034846361726522446,
    0.03441930562257767,
    0.03437893092632294,
    0.03382368013262749,
    0.03308171033859253,
    0.03274529054760933,
    0.032449524849653244,
    0.032181594520807266,
    0.031884465366601944,
    0.031608570367097855,
    0.03111875429749489,
    0.030910952016711235,
    0.03018287941813469,
    0.02991553582251072
  ],
  "cumulative_variance": [
    0.038584064692258835,
    0.07569863647222519,
    0.11196833103895187,
    0.14817051589488983,
    0.18390509486198425,
    0.21897481381893158,
    0.25382116436958313,
    0.2882404625415802,
    0.32261937856674194,
    0.35644304752349854,
    0.38952475786209106,
    0.4222700595855713,
    0.45471957325935364,
    0.4869011640548706,
    0.5187856554985046,
    0.5503942370414734,
    0.581512987613678,
    0.6124239563941956,
    0.6426068544387817,
    0.6725223660469055
  ],
  "drift_mean": 0.9895833134651184,
  "drift_std": 0.17804259061813354,
  "drift_median": 0.9855306148529053,
  "silhouette_score": -0.026041686534881592,
  "silhouette_n_clusters": 10,
  "stability_cv": 0.07609741330151673,
  "loss_spikes": 48,
  "still_decreasing": true,
  "forward_time_mean": 0.04191000139908283,
  "forward_time_std": 0.028444782595000037,
  "backward_time_mean": 0.0459755743999267,
  "backward_time_std": 0.0022926470969353023,
  "total_time_per_step": 0.08788557579900953,
  "cuda_available": false,
  "cuda_memory_mb": 0
}