{
  "condition": "vanilla",
  "seed": 42,
  "n_params": 1057089,
  "train_time_seconds": 76.99622225761414,
  "train_epochs": 10,
  "beta": 0.0,
  "final_loss": 0.008342240937054157,
  "min_loss": 0.007947312667965889,
  "prediction_mse_mean": 0.0426664724946022,
  "prediction_mse_std": 0.01065820548683405,
  "prediction_mse_per_step": [
    0.04334842786192894,
    0.04297470301389694,
    0.04267702251672745,
    0.042673226445913315,
    0.042959533631801605,
    0.04281436651945114,
    0.042214177548885345,
    0.042409807443618774,
    0.04227975010871887,
    0.042313747107982635
  ],
  "rollout_mse_mean": 0.04279276356101036,
  "rollout_mse_std": 0.011798880062997341,
  "rollout_error_accumulation": [
    0.04309520870447159,
    0.04296097904443741,
    0.04262099787592888,
    0.042381368577480316,
    0.04290524497628212
  ],
  "rollout_final_error": 0.04290524870157242,
  "active_dimensions_fraction": 1.0,
  "collapse_rate": 0.0,
  "dim_variance": [
    0.9455223083496094,
    1.095677137374878,
    1.0130126476287842,
    0.949364960193634,
    1.0686399936676025,
    1.0308583974838257,
    0.8490226864814758,
    1.0383803844451904,
    0.931912899017334,
    0.9831671714782715,
    1.25336492061615,
    0.9731032252311707,
    1.158547282218933,
    1.004381537437439,
    1.0630881786346436,
    1.043210744857788,
    1.0466604232788086,
    0.9893150329589844,
    1.065259575843811,
    1.0587759017944336,
    0.9952268600463867,
    1.1128252744674683,
    0.86768639087677,
    0.8377206921577454,
    0.9500690698623657,
    1.0911648273468018,
    1.0191270112991333,
    0.9502502679824829,
    1.0584301948547363,
    1.0008420944213867,
    1.017670750617981,
    1.1259777545928955
  ],
  "effective_dimensionality": 0.9964540004730225,
  "mean_variance": 1.0183830261230469,
  "min_variance": 0.8377206921577454,
  "n_components_95": 31,
  "participation_ratio": 31.558120727539062,
  "explained_variance_ratio": [
    0.038298916071653366,
    0.037911564111709595,
    0.03713894635438919,
    0.03588740900158882,
    0.03586765006184578,
    0.03578345477581024,
    0.03503961116075516,
    0.03470960631966591,
    0.0339861623942852,
    0.03335849195718765,
    0.033172931522130966,
    0.03272923082113266,
    0.0323316752910614,
    0.031550332903862,
    0.03148457780480385,
    0.031096331775188446,
    0.030349837616086006,
    0.030197078362107277,
    0.029835356399416924,
    0.029542621225118637
  ],
  "cumulative_variance": [
    0.038298916071653366,
    0.07621048390865326,
    0.11334943026304245,
    0.14923684298992157,
    0.18510448932647705,
    0.2208879441022873,
    0.25592756271362305,
    0.29063716530799866,
    0.32462331652641296,
    0.35798180103302,
    0.3911547362804413,
    0.42388397455215454,
    0.45621564984321594,
    0.48776596784591675,
    0.5192505717277527,
    0.5503469109535217,
    0.5806967616081238,
    0.6108938455581665,
    0.6407291889190674,
    0.6702718138694763
  ],
  "drift_mean": 0.9978959560394287,
  "drift_std": 0.18282067775726318,
  "drift_median": 0.9987398386001587,
  "silhouette_score": -0.025483518838882446,
  "silhouette_n_clusters": 10,
  "stability_cv": 0.07453431426238523,
  "loss_spikes": 54,
  "still_decreasing": true,
  "forward_time_mean": 0.042176396600552835,
  "forward_time_std": 0.031035869282783003,
  "backward_time_mean": 0.04256387160057784,
  "backward_time_std": 0.003579155400253264,
  "total_time_per_step": 0.08474026820113068,
  "cuda_available": false,
  "cuda_memory_mb": 0
}