{"accs": [0.9675, 0.9706, 0.9691, 0.972, 0.9716, 0.9706, 0.9713, 0.9703, 0.9685, 0.97], "mean": 0.9701500000000001, "std": 0.0014198982749165905}