{
  "baseline_task": {
    "accs": [
      0.8999,
      0.9061,
      0.9082,
      0.9083,
      0.9141,
      0.9016,
      0.905,
      0.9064,
      0.9053,
      0.8996
    ],
    "mean": 0.9054499999999999,
    "std": 0.004370418235770537,
    "ci_95": 0.003126408867015831,
    "ci_range": [
      0.902323591132984,
      0.9085764088670157
    ],
    "min": 0.8996,
    "max": 0.9141
  },
  "afm_qr": {
    "accs": [
      0.8987,
      0.8959,
      0.897,
      0.9071,
      0.9094,
      0.8871,
      0.8992,
      0.8993,
      0.893,
      0.89
    ],
    "mean": 0.8976700000000001,
    "std": 0.006900249592909259,
    "ci_95": 0.00493614119933087,
    "ci_range": [
      0.8927338588006692,
      0.9026061411993309
    ],
    "min": 0.8871,
    "max": 0.9094
  },
  "afm_rib": {
    "accs": [
      0.9192,
      0.9182,
      0.9179,
      0.9247,
      0.9225,
      0.9125,
      0.9201,
      0.9203,
      0.916,
      0.9185
    ],
    "mean": 0.91899,
    "std": 0.003350439440497977,
    "ci_95": 0.0023967599918559377,
    "ci_range": [
      0.916593240008144,
      0.9213867599918559
    ],
    "min": 0.9125,
    "max": 0.9247
  },
  "paired_test": {
    "baseline_task_mean": 0.9054499999999999,
    "afm_rib_mean": 0.91899,
    "diff": 0.013540000000000007,
    "t_stat": 11.226135667494493,
    "p_value": 1.3557710289951154e-06,
    "cohens_d": 3.477171383985569,
    "significant_005": true
  }
}