{
  "baseline_task": {
    "pca_cum": 0.9970729351043701,
    "sil": 0.3348176181316376
  },
  "afm_qr": {
    "pca_cum": 0.9552034139633179,
    "sil": 0.5190801620483398
  },
  "afm_rib": {
    "pca_cum": 0.9833771586418152,
    "sil": 0.6408155560493469
  }
}