{
  "split_baseline": {
    "acc_matrix": [
      [
        0.9995271867612293,
        0.5053868756121449,
        0.4071504802561366,
        0.5458207452165156,
        0.36459909228441756
      ],
      [
        0.9985815602836879,
        0.9862879529872673,
        0.47011739594450375,
        0.4823766364551863,
        0.26021180030257185
      ],
      [
        0.6515366430260048,
        0.9265426052889324,
        0.9973319103521878,
        0.4823766364551863,
        0.17650025214321735
      ],
      [
        0.5073286052009456,
        0.7091087169441724,
        0.7780149413020278,
        0.9979859013091642,
        0.5088250126071608
      ],
      [
        0.8520094562647754,
        0.7952987267384917,
        0.9546424759871932,
        0.9808660624370594,
        0.9899142713061019
      ]
    ],
    "avg_forgetting": 0.0996,
    "avg_acc": 0.9145
  },
  "split_afm_rib": {
    "acc_matrix": [
      [
        0.9995271867612293,
        0.5053868756121449,
        0.4759871931696905,
        0.4823766364551863,
        0.5088250126071608
      ],
      [
        0.383451536643026,
        0.9936336924583742,
        0.4759871931696905,
        0.4823766364551863,
        0.5088250126071608
      ],
      [
        0.9366430260047282,
        0.8413320274240941,
        1.0,
        0.4823766364551863,
        0.5088250126071608
      ],
      [
        0.8988179669030733,
        0.5254652301665035,
        0.8874066168623266,
        0.999496475327291,
        0.5088250126071608
      ],
      [
        0.28841607565011823,
        0.4476003917727718,
        0.8986125933831377,
        0.9496475327291037,
        0.994452849218356
      ]
    ],
    "avg_forgetting": 0.3521,
    "avg_acc": 0.7157
  },
  "permuted_afm_rib": {
    "avg_forgetting": 0.3758,
    "avg_acc": 0.6751
  }
}