{
  "beta_0.0": {
    "final_acc": 0.9964166666666666,
    "orth_error_history": [
      1.6235320568084717,
      1.5412623882293701,
      1.5663952827453613,
      1.5992895364761353,
      1.6569721698760986,
      1.6814258098602295,
      1.7268422842025757,
      1.7342824935913086,
      1.7463335990905762,
      1.7593971490859985,
      1.7646865844726562,
      1.7408338785171509,
      1.7805172204971313,
      1.7906752824783325,
      1.7852504253387451
    ],
    "interference_history": [
      [
        2.9905322662671097e-09,
        -5.311449058353901e-10,
        -2.015440259128809e-09,
        6.819391273893416e-09,
        4.665707820095122e-10,
        1.11504050437361e-09
      ],
      [
        8.408278517890722e-10,
        -1.1132215149700642e-09,
        3.4378899727016687e-10,
        3.064997144974768e-09,
        -1.4024408301338553e-09,
        -1.3733369996771216e-09
      ],
      [
        2.853994374163449e-09,
        -1.888111000880599e-09,
        -2.9576767701655626e-09,
        4.3655745685100555e-09,
        -1.24236976262182e-09,
        4.169123712927103e-09
      ],
      [
        -4.047706170240417e-09,
        2.064552973024547e-09,
        2.9995135264471173e-09,
        -1.7662387108430266e-09,
        3.635250322986394e-09,
        9.604264050722122e-10
      ],
      [
        1.3155840861145407e-09,
        1.4624674804508686e-09,
        4.2018655221909285e-10,
        -3.0977389542385936e-09,
        1.924490788951516e-09,
        -3.110017132712528e-09
      ],
      [
        -6.948539521545172e-10,
        1.9572325982153416e-09,
        2.7912392397411168e-09,
        4.43833414465189e-10,
        -5.333276931196451e-09,
        7.275957614183426e-12
      ],
      [
        -1.1459633242338896e-09,
        3.7180143408477306e-09,
        1.6671037883497775e-09,
        1.837179297581315e-09,
        4.1382008930668235e-10,
        -1.4388206182047725e-09
      ],
      [
        -4.25120560976211e-09,
        -9.89530235528946e-10,
        2.837623469531536e-09,
        -2.193701220676303e-09,
        -1.2282725947443396e-09,
        2.7694113668985665e-09
      ],
      [
        -4.147295840084553e-10,
        -2.7284841053187847e-11,
        1.6516423784196377e-09,
        -2.5138433557003736e-09,
        -2.2646418074145913e-09,
        -1.5606929082423449e-09
      ],
      [
        -2.6448105927556753e-09,
        -3.80168785341084e-09,
        7.639755494892597e-10,
        3.2759999157860875e-09,
        -2.4097062123473734e-09,
        2.637534635141492e-09
      ],
      [
        -1.1168594937771559e-09,
        1.318767317570746e-09,
        -3.548848326317966e-09,
        -3.092281986027956e-11,
        6.166374078020453e-10,
        7.912603905424476e-10
      ],
      [
        -2.3646862246096134e-09,
        -1.6079866327345371e-09,
        8.981260180007666e-10,
        -7.1217982622329146e-09,
        2.017259248532355e-09,
        -3.39787220582366e-09
      ],
      [
        -3.5197444958612323e-09,
        -1.3460521586239338e-10,
        -2.9358488973230124e-09,
        -4.7330104280263186e-09,
        -1.1204974725842476e-09,
        -4.095454642083496e-09
      ],
      [
        -2.2459971660282463e-09,
        5.347828846424818e-10,
        1.051375875249505e-09,
        4.089088179171085e-09,
        -1.6925696399994195e-09,
        -1.8535502022132277e-09
      ],
      [
        3.7325662560760975e-09,
        2.0099832909181714e-09,
        -1.1177689884789288e-09,
        2.077285898849368e-09,
        1.978150976356119e-09,
        1.735315890982747e-09
      ]
    ],
    "final_orth_error": 1.7852504253387451,
    "initial_orth_error": 1.6235320568084717,
    "orth_drift": 0.16171836853027344,
    "final_avg_interference": 2.1085118836102388e-09
  },
  "beta_0.0001": {
    "final_acc": 0.99565,
    "orth_error_history": [
      1.6305124759674072,
      1.6547564268112183,
      1.7236764430999756,
      1.7050782442092896,
      1.7644085884094238,
      1.8008506298065186,
      1.7982958555221558,
      1.8139753341674805,
      1.8457249402999878,
      1.8571022748947144,
      1.8496094942092896,
      1.8633636236190796,
      1.8483706712722778,
      1.8815042972564697,
      1.896272897720337
    ],
    "interference_history": [
      [
        3.2321167964255437e-09,
        1.0113581083714962e-09,
        -1.5097612049430609e-09,
        9.294126357417554e-09,
        -3.469722287263721e-10,
        2.4792825570330024e-09
      ],
      [
        -8.894858183339238e-10,
        -1.382431946694851e-09,
        2.951310307253152e-10,
        -1.0313669918105006e-09,
        9.822542779147625e-10,
        1.2732925824820995e-09
      ],
      [
        -1.7025740817189217e-09,
        -1.0913936421275139e-11,
        1.000444171950221e-09,
        3.421519068069756e-09,
        -2.2373569663614035e-09,
        -5.329638952389359e-10
      ],
      [
        -1.4497913980449084e-09,
        -4.3291947804391384e-10,
        3.0731825972907245e-09,
        3.1905074138194323e-09,
        -1.7062120605260134e-09,
        -9.440555004402995e-10
      ],
      [
        -3.497916623018682e-09,
        -3.752575139515102e-09,
        3.1268427846953273e-09,
        5.165929906070232e-10,
        -2.992237568832934e-09,
        3.9981387089937925e-09
      ],
      [
        -1.5807017916813493e-09,
        2.9831426218152046e-10,
        4.092726157978177e-10,
        8.039933163672686e-10,
        -4.220055416226387e-10,
        -1.7462298274040222e-10
      ],
      [
        2.7212081477046013e-09,
        -4.114554030820727e-09,
        -3.710738383233547e-10,
        2.8085196390748024e-09,
        -2.9431248549371958e-09,
        -5.484253051690757e-10
      ],
      [
        -8.735696610528976e-10,
        -2.2873791749589145e-09,
        2.1464074961841106e-09,
        6.410118658095598e-09,
        5.638867150992155e-11,
        -2.4683686206117272e-09
      ],
      [
        2.351498551433906e-09,
        4.3655745685100555e-10,
        -2.8321665013208985e-09,
        -4.769390216097236e-09,
        2.5193003239110112e-09,
        -2.17733031604439e-09
      ],
      [
        1.9281287677586079e-10,
        -1.8189894035458565e-09,
        -5.002220859751105e-09,
        -5.617039278149605e-09,
        1.5807017916813493e-09,
        2.091837814077735e-10
      ],
      [
        1.3515091268345714e-09,
        -4.107278073206544e-09,
        6.129994289949536e-10,
        -7.676135282963514e-10,
        -3.5181528801331297e-09,
        -2.0563675207085907e-09
      ],
      [
        2.090018824674189e-09,
        -4.783942131325603e-10,
        4.861249180976301e-10,
        3.0377123039215803e-10,
        3.938112058676779e-09,
        8.87666828930378e-10
      ],
      [
        -2.130036591552198e-09,
        -2.975866664201021e-09,
        -6.821210263296962e-10,
        1.69893610291183e-09,
        -3.9335645851679146e-10,
        -1.8749233277048916e-09
      ],
      [
        -3.234163159504533e-09,
        -9.931682143360376e-10,
        2.422893885523081e-09,
        8.558345143683255e-09,
        6.538130037370138e-10,
        3.4524418879300356e-09
      ],
      [
        2.7721398510038853e-09,
        -2.6557245291769505e-10,
        5.220499588176608e-10,
        2.1609594114124775e-09,
        7.621565600857139e-10,
        1.5861587598919868e-09
      ]
    ],
    "final_orth_error": 1.896272897720337,
    "initial_orth_error": 1.6305124759674072,
    "orth_drift": 0.2657604217529297,
    "final_avg_interference": 1.34483949902157e-09
  },
  "beta_0.001": {
    "final_acc": 0.99455,