{
  "baseline_task": {
    "acc_matrix": [
      [
        0.9548,
        0.1015,
        0.09433333333333334
      ],
      [
        0.588,
        0.8469,
        0.013666666666666667
      ],
      [
        0.5169,
        0.7884,
        1.0
      ]
    ],
    "forgetting": [
      0.43789999999999996,
      0.058499999999999996
    ],
    "avg_forgetting": 0.24819999999999998
  },
  "afm_task": {
    "acc_matrix": [
      [
        0.963,
        0.0921,
        0.011
      ],
      [
        0.7132,
        0.8521,
        0.20633333333333334
      ],
      [
        0.7123,
        0.8305,
        1.0
      ]
    ],
    "forgetting": [
      0.2506999999999999,
      0.021599999999999953
    ],
    "avg_forgetting": 0.13614999999999994
  },
  "afm_rib": {
    "acc_matrix": [
      [
        0.9671,
        0.0472,
        0.024333333333333332
      ],
      [
        0.8664,
        0.8553,
        0.11
      ],
      [
        0.8744,
        0.8472,
        1.0
      ]
    ],
    "forgetting": [
      0.0927,
      0.008099999999999996
    ],
    "avg_forgetting": 0.0504
  },
  "baseline_vae": {
    "acc_matrix": [
      [
        0.9548,
        0.1001,
        0.06366666666666666
      ],
      [
        0.8224,
        0.4401,
        0.14666666666666667
      ],
      [
        0.8024,
        0.4229,
        1.0
      ]
    ],
    "forgetting": [
      0.15239999999999998,
      0.017199999999999993
    ],
    "avg_forgetting": 0.08479999999999999
  }
}