{
  "baseline": {
    "pca_explained_variance": [
      0.25530508160591125,
      0.21681006252765656,
      0.19688217341899872,
      0.14455358684062958,
      0.09322531521320343,
      0.051116228103637695,
      0.015712812542915344,
      0.012193713337182999,
      0.007149874232709408,
      0.0023495955392718315
    ],
    "pca_cumulative_10": 0.9952985048294067,
    "silhouette_score": 0.37118515372276306,
    "thread_info": {}
  },
  "afm_task": {
    "pca_explained_variance": [
      0.2342764437198639,
      0.17253224551677704,
      0.1622961461544037,
      0.13959534466266632,
      0.11496912688016891,
      0.07113675773143768,
      0.027362335473299026,
      0.014501305297017097,
      0.011488069780170918,
      0.004315390717238188
    ],
    "pca_cumulative_10": 0.9524731636047363,
    "silhouette_score": 0.5404300093650818,
    "thread_info": {
      "thread_norms": [
        1.0,
        1.0,
        1.0,
        1.0
      ],
      "thread_variance": [
        0.026189042255282402,
        0.028673473745584488,
        0.026942826807498932,
        0.02897539921104908
      ],
      "avg_thread_dots": [
        2.7266650048929364e-10,
        3.14867076856018e-10,
        1.270109295514743e-10,
        -5.767105681897533e-10,
        1.5452314428010538e-10,
        -6.360550974804369e-10
      ],
      "thread_class_correlation": [
        0.04661195100181416,
        0.06822271970600577,
        0.11175310747802009,
        0.3219144569997902
      ]
    }
  },
  "afm_rib": {
    "pca_explained_variance": [
      0.20852750539779663,
      0.16926507651805878,
      0.153744176030159,
      0.1263309121131897,
      0.1231386661529541,
      0.0926969051361084,
      0.057921938598155975,
      0.036300018429756165,
      0.012703620828688145,
      0.0009624401573091745
    ],
    "pca_cumulative_10": 0.9815912246704102,
    "silhouette_score": 0.6757624745368958,
    "thread_info": {
      "thread_norms": [
        1.0,
        1.0,
        1.0,
        1.0
      ],
      "thread_variance": [
        0.030968651175498962,
        0.030723541975021362,
        0.03085326962172985,
        0.030759772285819054
      ],
      "avg_thread_dots": [
        -4.547473508864641e-10,
        4.986759338798663e-10,
        3.758032218748042e-10,
        4.697540134657174e-10,
        -3.838067710870696e-11,
        -1.766238683087451e-10
      ],
      "thread_class_correlation": [
        0.3367342321942576,
        0.25482142078853653,
        0.06490548164160684,
        0.33372584345301826
      ]
    }
  }
}