{
  "experiment": "A",
  "runs": [
    {
      "seed": 0,
      "param_count": 602650,
      "best_test_acc": 0.9846,
      "final_test_acc": 0.984,
      "total_time": 42.83572816848755,
      "transfer_acc": 0.042,
      "train_acc_curve": [
        0.8452570922831272,
        0.9515403369639782,
        0.9672872340425532,
        0.9751052747381495,
        0.9791888297872341,
        0.9841533688788718,
        0.9858266843126176,
        0.9880263741980208,
        0.9903147162275111,
        0.991938164893617,
        0.9934009308510638,
        0.9938331117021276,
        0.9932291667512123,
        0.9939162234042553,
        0.9953623670212766,
        0.9987533244680851,
        0.9996675531914894,
        0.9999002659574469,
        0.9999501329787234,
        0.9999833776595745,
        1.0,
        1.0,
        1.0,
        1.0,
        1.0,
        1.0,
        1.0,
        1.0,
        1.0,
        1.0
      ],
      "test_acc_curve": [
        0.9431,
        0.9547,
        0.9669,
        0.9652,
        0.9755,
        0.9776,
        0.9752,
        0.9768,
        0.976,
        0.9787,
        0.9783,
        0.9758,
        0.9775,
        0.978,
        0.9779,
        0.983,
        0.9838,
        0.9842,
        0.9846,
        0.9845,
        0.9844,
        0.9843,
        0.9846,
        0.9844,
        0.984,
        0.9841,
        0.9841,
        0.9841,
        0.9843,
        0.984
      ],
      "train_loss_curve": [
        0.4844701846863361,
        0.1597900535197968,
        0.10831329994537729,
        0.08131185878623039,
        0.06617614201250228,
        0.05093496023340428,
        0.04415406875233067,
        0.03785477027772589,
        0.031001795002041345,
        0.024876966580074836,
        0.020624544621108378,
        0.019160251642399012,
        0.020365313545582776,
        0.018927733678658038,
        0.014121130027218742,
        0.004762366727772268,
        0.0015805756397659276,
        0.0007704674499883425,
        0.00034669910895358276,
        0.00020212172820081718,
        0.00014310668280194614,
        0.00010214647269443029,
        7.987877839270291e-05,
        6.426516513958167e-05,
        5.2459150385325205e-05,
        4.334453497091438e-05,
        3.667473457194029e-05,
        3.068020289302172e-05,
        2.587287913519639e-05,
        2.2631135782424455e-05
      ],
      "test_loss_curve": [
        0.18889400371313095,
        0.14596471569538116,
        0.10870545222386718,
        0.1228192081183195,
        0.08053483595773578,
        0.0743516865145415,
        0.08439775830612635,
        0.08519422974996269,
        0.088972485948744,
        0.07856849861287046,
        0.08890581072065934,
        0.09833196548901614,
        0.09128583640864726,
        0.09202297514392631,
        0.10046863085795171,
        0.08077224234512541,
        0.07795001169489114,
        0.08337387763527222,
        0.08444290504648379,
        0.08927859348430066,
        0.08862418279737867,
        0.09132071303663943,
        0.09302663249930701,
        0.09443086273129302,
        0.09629230175055181,
        0.09838958375341918,
        0.09878368530664529,
        0.10127484648507021,
        0.10232085586227453,
        0.10408238634038697
      ]
    },
    {
      "seed": 42,
      "param_count": 602650,
      "best_test_acc": 0.9831,
      "final_test_acc": 0.9828,
      "total_time": 41.561739444732666,
      "transfer_acc": 0.0395,
      "train_acc_curve": [
        0.8443816489361702,
        0.9514018172913409,
        0.9670268172913409,
        0.9742353723404256,
        0.9800254875041069,
        0.9839926861702127,
        0.9876883864402771,
        0.988813164893617,
        0.9903257978723404,
        0.9932734928232558,
        0.9925365691489362,
        0.9932291667512123,
        0.993622561972192,
        0.9948138297872341,
        0.9939162234042553,
        0.9984707446808511,
        0.9996841755319149,
        0.9998836436170213,
        0.9999335106382978,
        0.9999667553191489,
        1.0,
        1.0,
        1.0,
        1.0,
        1.0,
        1.0,
        1.0,
        1.0,
        1.0,
        1.0
      ],
      "test_acc_curve": [
        0.9335,
        0.9602,
        0.9645,
        0.9682,
        0.9741,
        0.9706,
        0.9784,
        0.973,
        0.9771,
        0.9765,
        0.9773,
        0.9736,
        0.9789,
        0.9774,
        0.9797,
        0.9818,
        0.9824,
        0.9821,
        0.9829,
        0.9824,
        0.9826,
        0.9827,
        0.9825,
        0.9828,
        0.9831,
        0.9828,
        0.9829,
        0.9829,
        0.9829,
        0.9828
      ],
      "train_loss_curve": [
        0.48174588680267333,
        0.16130978059261403,
        0.1078812469034753,
        0.08235443058483144,
        0.06363847003258924,
        0.051032440522883804,
        0.0389651309005282,
        0.03470131242647767,
        0.03011089842964677,
        0.02192387423091667,
        0.02262509950496098,
        0.019884259861576905,
        0.018851005520295113,
        0.015295003266123302,
        0.0186435028147745,
        0.0048908105167743575,
        0.001348782859032384,
        0.0006737488714010242,
        0.00039847462180756687,
        0.00027525038372488704,
        0.00015483881229846837,
        0.00010251456573159692,
        7.903275049528098e-05,
        6.365785743099046e-05,
        5.231993534573818e-05,
        4.416782508764919e-05,
        3.69258593919051e-05,
        3.132132476608565e-05,
        2.6848972573405147e-05,
        2.2999075304625797e-05
      ],
      "test_loss_curve": [
        0.21682533617019653,
        0.12883714035749436,
        0.11469810112863779,
        0.09644781711399555,
        0.08326027389103546,
        0.09360615132316015,
        0.075287364988029,
        0.09035615787021815,
        0.09084021813547005,
        0.09361337167532183,
        0.0939761246517388,
        0.11236753948978148,
        0.09806510988445588,
        0.10638402138574583,
        0.0875173519193704,
        0.0880393688316457,
        0.0853146454976697,
        0.09073289323104254,
        0.09183378026441788,
        0.09671028440442751,
        0.09740419801452663,
        0.09953328327665513,
        0.1014520759019244,
        0.10289215522086306,
        0.10488076072104886,
        0.10624532055828168,
        0.10733294829049264,
        0.10914294492899353,
        0.11066465126831027,
        0.11233201168669475
      ]
    },
    {
      "seed": 84,
      "param_count": 602650,
      "best_test_acc": 0.9839,
      "final_test_acc": 0.9829,
      "total_time": 39.600855350494385,
      "transfer_acc": 0.0872,
      "train_acc_curve": [
        0.8415669327086591,
        0.953374335106383,
        0.9684618795171697,
        0.9755540779296388,
        0.9807901151636813,
        0.9832945478723404,
        0.9867796986661059,
        0.9886303191489362,
        0.9903701241980207,
        0.9916057180851063,
        0.9930352393617021,
        0.9948803191489362,
        0.9946808510638298,
        0.9944703013338941,
        0.993628102921425,
        0.9983876329787233,
        0.9996841755319149,
        0.9999501329787234,
        0.9999833776595745,
        1.0,
        1.0,
        1.0,
        1.0,
        1.0,
        1.0,
        1.0,
        1.0,
        1.0,
        1.0,
        1.0
      ],
      "test_acc_curve": [
        0.9415,
        0.9643,
        0.9653,
        0.969,
        0.9721,
        0.9728,
        0.9756,
        0.9772,
        0.9758,
        0.9745,
        0.9785,
        0.9749,
        0.9756,
        0.9754,
        0.9685,
        0.9832,
        0.9828,
        0.9833,
        0.9835,
        0.9836,
        0.9839,
        0.9833,
        0.9836,
        0.9833,
        0.9837,
        0.9835,
        0.983,
        0.983,
        0.9828,
        0.9829
      ],