{
  "baseline": {
    "runs": [
      {
        "seed": 0,
        "acc_matrix": [
          [
            0.9925,
            0.632,
            0.5,
            0.7005,
            0.5
          ],
          [
            0.7635,
            0.9735,
            0.5,
            0.691,
            0.5
          ],
          [
            0.756,
            0.954,
            1.0,
            0.003,
            0.5
          ],
          [
            0.504,
            0.545,
            0.997,
            1.0,
            0.5
          ],
          [
            0.5045,
            0.5275,
            0.948,
            0.96,
            0.998
          ]
        ],
        "forgetting_per_task": {
          "0": 0.4880000000000001,
          "1": 0.44600000000000006,
          "2": 0.052000000000000046,
          "3": 0.040000000000000036,
          "4": 0.0
        },
        "avg_forgetting": 0.25650000000000006
      },
      {
        "seed": 42,
        "acc_matrix": [
          [
            0.987,
            0.465,
            0.491,
            0.291,
            0.5
          ],
          [
            0.401,
            0.97,
            0.5,
            0.3125,
            0.5065
          ],
          [
            0.509,
            0.519,
            1.0,
            0.5,
            0.104
          ],
          [
            0.5015,
            0.5005,
            0.9985,
            1.0,
            0.5
          ],
          [
            0.5005,
            0.5,
            0.975,
            0.9615,
            0.9975
          ]
        ],
        "forgetting_per_task": {
          "0": 0.48650000000000004,
          "1": 0.47,
          "2": 0.025000000000000022,
          "3": 0.03849999999999998,
          "4": 0.0
        },
        "avg_forgetting": 0.255
      },
      {
        "seed": 84,
        "acc_matrix": [
          [
            0.989,
            0.3875,
            0.473,
            0.3035,
            0.4895
          ],
          [
            0.7775,
            0.971,
            0.5795,
            0.2085,
            0.4955
          ],
          [
            0.5075,
            0.5075,
            0.9995,
            0.5035,
            0.499
          ],
          [
            0.51,
            0.513,
            0.997,
            1.0,
            0.5
          ],
          [
            0.508,
            0.5005,
            0.962,
            0.9535,
            0.998
          ]
        ],
        "forgetting_per_task": {
          "0": 0.481,
          "1": 0.47050000000000003,
          "2": 0.03750000000000009,
          "3": 0.046499999999999986,
          "4": 0.0
        },
        "avg_forgetting": 0.258875
      },
      {
        "seed": 126,
        "acc_matrix": [
          [
            0.9865,
            0.5,
            0.5,
            0.5,
            0.488
          ],
          [
            0.456,
            0.9715,
            0.5,
            0.637,
            0.5
          ],
          [
            0.5045,
            0.842,
            0.9995,
            0.9965,
            0.9325
          ],
          [
            0.5015,
            0.6055,
            0.998,
            1.0,
            0.676
          ],
          [
            0.5015,
            0.5015,
            0.9635,
            0.962,
            0.998
          ]
        ],
        "forgetting_per_task": {
          "0": 0.4850000000000001,
          "1": 0.4700000000000001,
          "2": 0.03600000000000003,
          "3": 0.038000000000000034,
          "4": 0.0
        },
        "avg_forgetting": 0.2572500000000001
      },
      {
        "seed": 168,
        "acc_matrix": [
          [
            0.979,
            0.7195,
            0.5,
            0.4625,
            0.5
          ],
          [
            0.7705,
            0.971,
            0.464,
            0.637,
            0.4995
          ],
          [
            0.5665,
            0.5315,
            1.0,
            0.996,
            0.426
          ],
          [
            0.509,
            0.5045,
            0.9975,
            1.0,
            0.043
          ],
          [
            0.5015,
            0.5,
            0.9405,
            0.971,
            0.998
          ]
        ],
        "forgetting_per_task": {
          "0": 0.47750000000000004,
          "1": 0.471,
          "2": 0.0595,
          "3": 0.029000000000000026,
          "4": 0.0
        },
        "avg_forgetting": 0.25925
      }
    ],
    "statistics": {
      "avg_forgetting": {
        "mean": 0.257375,
        "std": 0.0017455300054711063,
        "ci_lower": 0.2552076382344221,
        "ci_upper": 0.25954236176557793,
        "n": 5
      },
      "per_task_forgetting": {
        "0": {
          "mean": 0.48360000000000003,
          "std": 0.004292435206266982,
          "ci_lower": 0.47827023773975597,
          "ci_upper": 0.4889297622602441,
          "n": 5
        },
        "1": {
          "mean": 0.4655,
          "std": 0.010908712114635693,
          "ci_lower": 0.4519550449004876,
          "ci_upper": 0.47904495509951245,
          "n": 5
        },
        "2": {
          "mean": 0.04200000000000004,
          "std": 0.01370675016187279,
          "ci_lower": 0.024980821791628947,
          "ci_upper": 0.05901917820837113,
          "n": 5
        },
        "3": {
          "mean": 0.03840000000000001,
          "std": 0.006258993529314425,
          "ci_lower": 0.03062843306965996,
          "ci_upper": 0.04617156693034006,
          "n": 5
        },
        "4": {
          "mean": 0.0,
          "std": 0.0,
          "ci_lower": 0.0,
          "ci_upper": 0.0,
          "n": 5
        }
      }
    }
  },
  "afm_task": {
    "runs": [
      {
        "seed": 0,
        "acc_matrix": [
          [
            0.988,
            0.5,
            0.5,
            0.581,
            0.5
          ],
          [
            0.5805,
            0.972,
            0.5,
            0.541,
            0.5
          ],
          [
            0.497,
            0.5015,
            0.9995,
            0.993,
            0.5
          ],
          [
            0.4995,
            0.5045,
            1.0,
            1.0,
            0.5
          ],
          [
            0.499,
            0.5,
            0.953,
            0.9495,
            0.998
          ]
        ],
        "forgetting_per_task": {
          "0": 0.489,
          "1": 0.472,
          "2": 0.0465000000000001,
          "3": 0.05049999999999999,
          "4": 0.0
        },
        "avg_forgetting": 0.2645
      },
      {
        "seed": 42,
        "acc_matrix": [
          [
            0.985,
            0.5,
            0.5,
            0.5,
            0.5
          ],
          [
            0.6145,
            0.9665,
            0.588,
            0.5,
            0.5
          ],
          [
            0.4985,
            0.5005,
            0.9995,
            0.5,
            0.5
          ],
          [
            0.4995,
            0.5,
            0.9985,
            1.0,
            0.5
          ],
          [
            0.5,
            0.5,
            0.952,
            0.9425,
            0.998
          ]
        ],
        "forgetting_per_task": {
          "0": 0.485,
          "1": 0.4665,
          "2": 0.0475000000000001,
          "3": 0.057499999999999996,
          "4": 0.0
        },
        "avg_forgetting": 0.26412500000000005
      },
      {
        "seed": 84,